fiber_g,potassium_mg,calcium_mg,iron_mg,recipe_id
1.0,144.0,47.0,0.95,139579
0.7,221.0,16.0,2.48,95409
3.3,365.0,47.0,3.43,227817
0.0,178.0,17.0,1.0,27279
8.8,232.0,20.0,1.74,104673
1.0,,46.0,0.61,106757
2.3,294.0,429.0,10.3,193507
0.4,90.0,51.0,0.63,41526
2.1,,48.0,0.7,399882
0.0,313.0,122.0,1.2,22217
3.0,229.0,95.0,1.77,475780
0.0,0.0,0.0,0.0,450478
3.0,229.0,95.0,1.77,111231
1.4,546.0,12.0,0.33,271786
2.4,169.0,166.0,2.49,20507
0.2,286.0,199.0,0.24,41272
6.0,262.0,280.0,1.0,446821
1.3,286.0,18.0,0.31,183993
2.1,302.0,15.0,1.46,98447
3.1,135.0,22.0,0.67,31782
0.0,88.0,9.0,0.4,198912
,,,,98142
0.0,302.0,10.0,0.56,411941
13.3,1000.0,0.0,7.2,244839
1.1,,,1.0,18359
3.2,284.0,41.0,0.6,39014
,435.0,37.0,2.34,344049
,259.0,70.0,0.51,42169
0.0,377.0,36.0,1.05,139497
0.8,125.0,8.0,0.5,15043
2.6,194.0,15.0,1.22,143547
2.3,137.0,25.0,3.77,191078
2.6,224.0,14.0,2.11,117604
,112.0,27.0,0.72,272802
3.2,299.0,82.0,0.62,112180
0.0,179.0,17.0,3.19,240816
2.6,,22.0,1.0,65265
0.0,311.0,10.0,0.79,68315
0.9,232.0,33.0,0.64,120492
1.3,150.0,108.0,0.97,100488
,,,,93986
1.3,242.0,15.0,0.5,364748
0.3,106.0,16.0,0.87,367240
2.1,167.0,11.0,19.5,59462
3.9,146.0,372.0,4.87,106633
9.8,350.0,52.0,4.2,519642
6.3,718.0,188.0,2.25,114271
2.8,284.0,49.0,1.3,123142
0.0,10.0,2.0,0.0,23899
1.1,127.0,145.0,0.57,333359
0.4,90.0,51.0,0.63,131210
7.5,342.0,100.0,2.7,338715
0.0,291.0,9.0,2.2,95246
2.6,266.0,81.0,2.69,302120
6.3,718.0,188.0,2.25,177130
0.0,349.0,7.0,0.64,336205
5.1,223.0,137.0,1.16,57071
2.3,234.0,100.0,0.46,102382
12.4,387.0,58.0,2.5,175534
0.5,218.0,28.0,1.97,35326
3.4,323.0,55.0,0.83,414785
,199.0,114.0,4.26,380814
1.7,133.0,20.0,0.27,307209
1.6,295.0,177.0,3.17,67234
0.0,81.0,4.0,0.6,352204
3.5,307.0,0.0,0.0,62571
1.0,202.0,12.0,0.46,166382
2.9,430.0,9.0,1.32,482368
1.2,226.0,95.0,1.37,319999
7.3,793.0,322.0,5.4,111066
1.6,340.0,109.0,3.67,121714
,71.0,890.0,0.13,228777
2.4,132.0,87.0,4.65,234175
0.0,161.0,9.0,1.0,11030
0.3,210.0,7.0,0.16,36166
,,,,114029
1.7,341.0,94.0,4.7,270622
1.1,459.0,21.0,0.79,26525
3.4,323.0,55.0,0.83,328954
1.9,71.0,12.0,0.73,222816
0.0,0.0,0.0,0.0,46463
2.1,197.0,41.0,4.86,147262
0.0,0.0,0.0,0.0,57092
0.0,326.0,10.0,1.98,59940
2.2,321.0,18.0,1.64,50806
0.0,2.0,0.0,0.12,65363
2.5,12.0,25.0,0.77,40682
3.2,176.0,116.0,3.6,210218
0.4,90.0,51.0,0.63,43819
0.3,61.0,59.0,0.25,32420
1.2,115.0,12.0,0.55,44923
0.0,999.0,7.0,0.56,118951
0.0,211.0,12.0,1.26,39622
1.3,88.0,13.0,2.98,160323
0.0,19.0,5.0,0.02,253358
2.0,259.0,13.0,0.39,26712
0.9,319.0,142.0,0.78,125127
,345.0,4.09,2.53,83902
1.5,347.0,33.0,0.7,99830
,106.0,205.0,2.54,305529
0.7,5.0,14.0,1.79,219390
3.3,622.0,32.0,1.67,97115
0.4,90.0,51.0,0.63,188770
2.2,437.0,3.0,0.4,223572
0.0,236.0,13.0,1.08,115583
1.5,185.0,16.0,0.84,372620
1.8,597.0,20.0,5.42,171634
3.9,538.0,19.0,1.01,29227
1.2,78.0,26.0,2.42,45429
0.9,293.0,106.0,0.68,281771
1.0,158.0,45.0,2.12,185731
0.9,96.0,6.0,1.57,21896
7.6,1250.0,172.0,2.38,18599
4.0,43.0,121.0,0.31,15775
0.0,85.0,659.0,0.59,234905
0.0,282.0,11.0,2.3,266161
3.1,,23.0,1.0,428708
3.14,376.0,0.432,0.739,102524
2.6,173.0,114.0,4.5,78284
3.3,230.0,28.0,2.3,47196
1.0,124.0,115.0,0.49,132202
6.2,444.0,224.0,1.63,526984
0.0,539.0,10.0,1.49,328381
0.2,208.0,135.0,0.27,66068
,281.0,4.58,2.06,67528
,397.0,4.53,0.929,288931
3.6,232.0,71.0,1.29,136577
1.88,349.0,3.24,0.139,313978
2.3,323.0,93.0,0.72,73418
4.0,236.0,10.0,0.3,88546
1.8,176.0,293.0,0.71,148921
2.6,194.0,15.0,1.22,365123
0.0,483.0,11.0,0.59,184501
4.23,,,,29709
1.0,178.0,93.0,2.5,211506
0.0,183.0,10.0,0.61,234542
6.0,262.0,280.0,1.0,37413
6.1,170.0,15.0,3.06,138389
0.0,683.0,6.0,0.44,173283
1.0,97.0,57.0,1.71,174102
1.6,151.0,33.0,2.5,152663
1.5,78.0,5.0,1.25,137828
1.5,391.0,5.0,0.35,71933
1.0,197.0,114.0,0.42,358066
10.6,212.0,161.0,0.8,215240
,281.0,4.58,2.06,110593
3.6,326.0,2.0,0.53,227151
0.0,201.0,22.0,2.0,54107
2.9,256.0,100.0,2.55,9370
3.2,194.0,24.0,4.9,109287
0.3,106.0,16.0,0.87,229124
1.0,202.0,12.0,0.46,135215
0.0,39.0,3.0,2.2,125506
0.0,166.0,17.0,0.03,163038
1.1,77.0,20.0,0.49,40235
0.0,132.0,97.0,0.11,48067
1.3,286.0,18.0,0.31,94989
,,,,141353
0.0,461.0,39.0,1.4,182317
2.8,245.0,46.0,0.72,207667
,194.0,13.6,0.511,90653
0.0,36.0,9.0,0.18,47474
0.0,118.0,8.0,0.15,116741
2.7,217.0,29.0,1.03,171186
3.4,244.0,39.0,0.44,353426
0.9,192.0,13.0,0.91,65108
21.6,2410.0,61.0,10.9,185631
2.2,106.0,213.0,2.27,161364
0.0,387.0,118.0,1.15,207219
1.1,60.0,18.0,0.2,291896
0.0,178.0,17.0,1.0,162894
0.0,326.0,10.0,1.98,113404
3.2,114.0,91.0,2.71,65134
2.2,356.0,37.0,0.87,217525
0.0,669.0,2.0,0.26,107359
1.6,60.0,19.0,0.71,82934
0.0,302.0,10.0,0.56,142807
0.0,0.0,0.0,0.0,127652
1.8,271.0,16.0,0.27,28845
3.9,209.0,89.0,1.19,34255
1.3,192.0,127.0,2.87,234626
1.5,170.0,41.0,0.67,210294
,408.0,6.0,0.0517,206475
0.0,258.0,11.0,1.57,306470
0.0,47.0,19.0,1.14,108330
7.6,1250.0,172.0,2.38,38367
2.1,202.0,24.0,2.14,36428
1.1,,,1.0,78124
0.0,242.0,15.0,0.91,22841
2.5,131.0,70.0,2.76,132583
3.3,622.0,32.0,1.67,283068
0.4,20.0,12.0,0.29,97509
2.2,204.0,181.0,2.08,143877
1.7,182.0,111.0,1.27,143719
0.9,68.0,35.0,0.95,19565
,194.0,13.6,0.511,198962
2.2,321.0,18.0,1.64,51143
0.0,178.0,17.0,1.0,201915
,949.0,61.8,7.16,142231
0.0,282.0,11.0,2.3,74597
14.3,204.0,78.0,3.25,16917
,350.0,45.5,4.34,163220
0.8,209.0,14.0,0.94,211548
0.0,24.0,41.0,0.15,356040
3.9,146.0,372.0,4.87,101937
0.0,275.0,13.0,1.2,105141
0.0,418.0,5.0,0.38,202691
,245.0,10.5,0.213,85594
2.0,352.0,48.0,0.7,66047
0.7,136.0,14.0,0.22,17600
1.7,341.0,94.0,4.7,120667
0.0,,9.0,1.46,28809
1.1,309.0,62.0,12.6,227114
1.8,545.0,9.0,0.7,435905
2.3,246.0,47.0,0.56,59273
2.3,105.0,293.0,5.62,323372
3.6,232.0,71.0,1.29,282352
2.9,430.0,9.0,1.32,97785
1.5,108.0,42.0,1.16,187415
1.95,274.0,20.4,0.334,39112
0.0,1.0,0.0,0.01,51784
1.4,58.0,8.0,0.38,95818
0.7,199.0,128.0,0.09,31004
0.0,377.0,36.0,1.05,126596
,71.0,890.0,0.13,229108
0.0,33.0,4.0,0.04,26559
1.5,275.0,27.0,1.8,230752
0.0,57.0,0.0,0.0,108430
2.3,278.0,34.0,3.77,39997
0.0,214.0,9.0,1.61,59776
,366.0,4.12,0.421,138131
0.0,119.0,6.0,0.37,319522
0.3,106.0,16.0,0.87,126128
3.3,746.0,64.0,0.98,302367
0.6,98.0,32.0,0.5,28531
2.1,84.0,90.0,2.49,434712
3.3,230.0,28.0,2.3,45620
0.0,259.0,57.0,0.55,62703
0.0,302.0,10.0,0.56,166118
6.3,718.0,188.0,2.25,29653
0.7,136.0,14.0,0.22,170506
1.0,99.0,90.0,1.16,292034
3.8,394.0,110.0,1.39,14049
14.1,668.0,317.0,6.65,288370
1.3,266.0,185.0,0.74,326416
3.2,76.0,4.0,1.14,9407
2.1,167.0,11.0,19.5,34510
2.1,167.0,11.0,19.5,18414
1.1,110.0,20.0,0.76,275218
0.0,302.0,8.0,0.23,116674
3.3,230.0,28.0,2.3,65875
,366.0,4.12,0.421,109690
0.3,106.0,16.0,0.87,1306
3.6,326.0,2.0,0.53,151177
1.6,168.0,11.0,0.16,224432
2.7,,21.0,1.0,173082
0.9,192.0,13.0,0.91,192910
14.8,663.0,682.0,19.7,77442
2.1,,48.0,0.7,301028
4.6,507.0,63.0,4.2,69360
0.5,18.0,102.0,0.6,103305
0.0,148.0,107.0,0.35,191075
1.8,176.0,293.0,0.71,121031
0.0,308.0,19.0,1.41,450153
1.1,459.0,21.0,0.79,28851
2.1,167.0,11.0,19.5,358492
2.5,261.0,100.0,0.56,82960
1.7,183.0,269.0,1.77,187788
3.3,246.0,56.0,0.42,170056
3.0,229.0,95.0,1.77,383631
1.7,341.0,94.0,4.7,118005
0.0,51.0,68.0,0.14,263131
2.6,,22.0,1.0,66364
2.1,202.0,24.0,2.14,11040
0.0,17.0,4.0,0.0,88527
10.8,668.0,48.0,7.39,148018
0.0,302.0,10.0,0.56,57474
0.7,218.0,11.0,0.68,214017
,194.0,13.6,0.511,31266
1.3,153.0,30.0,0.57,29757
2.9,73.0,0.0,0.0,213649
0.9,147.0,8.0,1.85,270168
0.0,483.0,11.0,0.59,67197
0.2,147.0,168.0,2.63,265956
4.0,397.0,34.0,2.18,143945
1.1,121.0,44.0,1.3,42007
3.5,203.0,23.0,1.54,333120
1.0,45.0,4.0,0.29,119014
0.0,2.0,0.0,0.12,373477
2.3,296.0,80.0,1.77,472473
1.8,167.0,64.0,0.9,100170
3.2,176.0,116.0,3.6,26178
1.0,4.0,4.0,0.14,129971
2.5,267.0,63.0,4.32,181498
2.1,,48.0,0.7,254682
0.4,106.0,7.0,0.66,154330
0.1,83.0,1.0,0.03,82524
1.4,84.0,8.0,0.29,159911
1.8,180.0,59.0,2.1,23959
2.4,303.0,46.0,0.69,12668
1.6,429.0,14.0,3.4,8880
1.3,192.0,127.0,2.87,82750
2.4,117.0,734.0,6.64,135053
,,,,60510
1.7,341.0,94.0,4.7,282774
2.2,131.0,54.0,2.55,76864
2.7,217.0,29.0,1.03,64112
1.0,346.0,74.0,6.43,55351
3.6,343.0,78.0,1.21,289943
4.17,243.0,0.766,0.144,104573
,80.0,10.0,0.34,10876
0.0,1.0,0.0,0.01,76198
1.1,134.0,21.0,1.4,73190
1.3,286.0,18.0,0.31,14716
0.0,211.0,12.0,1.26,28358
2.5,90.0,30.0,1.1,61171
3.9,545.0,17.0,0.91,135330
53.2,1170.0,525.0,19.1,114147
0.7,56.0,22.0,0.55,391952
2.1,195.0,166.0,0.71,386066
0.0,153.0,104.0,0.42,8996
11.4,429.0,57.0,12.9,58244
1.5,206.0,45.0,1.29,342231
2.1,149.0,29.0,2.25,43350
1.4,206.0,44.0,1.76,3294
0.1,86.0,56.0,0.1,134475
0.0,132.0,123.0,0.0,259499
0.0,259.0,51.0,0.81,209317
,109.0,28.2,1.14,31564
0.0,17.0,4.0,0.0,118977
0.0,62.0,493.0,0.65,102349
2.1,202.0,24.0,2.14,201010
23.6,2540.0,212.0,3.93,398774
,408.0,6.0,0.0517,326824
5.3,508.0,78.0,0.97,84474
4.2,96.0,35.0,2.0,194597
19.5,719.0,1440.0,9.76,119724
0.2,52.0,6.0,0.42,29984
14.3,579.0,79.0,8.07,129706
2.4,132.0,87.0,4.65,241630
0.0,62.0,493.0,0.65,39840
2.1,167.0,11.0,19.5,88804
1.6,162.0,34.0,0.29,26509
,,7.0,2.9,54109
0.9,185.0,24.0,0.32,95468
,176.0,224.0,4.0,81666
1.0,112.0,54.0,0.23,96661
0.0,403.0,60.0,2.23,311584
0.0,343.0,19.0,0.63,89550
1.2,47.0,211.0,2.08,108059
0.0,73.0,7.0,0.2,37648
0.5,55.0,19.0,0.64,356263
,,,,87789
0.3,77.0,20.0,0.49,225824
2.1,149.0,29.0,2.25,150473
,542.0,6.0,0.6,27876
0.0,132.0,66.0,1.31,224628
,366.0,4.12,0.421,158540
0.0,289.0,12.0,1.99,201218
1.1,110.0,20.0,0.76,114296
,259.0,70.0,0.51,30762
3.2,176.0,116.0,3.6,2496
1.9,192.0,53.0,2.6,15411
1.2,61.0,4.0,0.35,18305
0.0,119.0,6.0,0.37,183509
0.0,62.0,493.0,0.65,286405
53.2,1170.0,525.0,19.1,409412
7.6,1250.0,172.0,2.38,228348
0.0,378.0,7.0,0.89,115565
3.4,323.0,55.0,0.83,380073
1.0,45.0,4.0,0.29,42768
1.4,395.0,0.0,0.14,198797
0.2,140.0,13.0,0.97,237726
3.9,538.0,19.0,1.01,188327
0.8,177.0,79.0,2.13,73813
5.9,365.0,32.0,3.13,284368
10.0,336.0,36.0,3.26,227316
0.0,278.0,351.0,0.19,71837
2.5,267.0,63.0,4.32,83666
1.2,176.0,39.0,0.53,75817
0.3,149.0,111.0,0.5,256691
1.7,192.0,124.0,2.14,94785
,,,,57258
2.0,129.0,6.0,0.17,299347
5.2,1330.0,72.0,1.6,405943
0.5,90.0,13.0,0.39,84033
0.3,106.0,16.0,0.87,142449
2.1,202.0,24.0,2.14,86837
3.6,225.0,7.0,0.18,72283
2.1,167.0,11.0,19.5,266186
,949.0,61.8,7.16,163135
,376.0,51.3,3.8,291635
1.3,315.0,13.0,0.62,132083
1.1,121.0,44.0,1.3,101036
1.2,47.0,211.0,2.08,208645
0.0,0.0,0.0,0.0,33474
1.6,340.0,109.0,3.67,366330
2.0,115.0,55.0,2.86,18995
0.0,138.0,56.0,1.75,101403
5.8,360.0,235.0,9.1,426339
,949.0,61.8,7.16,171094
5.3,162.0,29.0,0.62,134729
0.6,,160.0,0.52,112472
3.3,230.0,28.0,2.3,54351
0.7,5.0,14.0,1.79,32987
1.8,545.0,9.0,0.7,163079
0.0,160.0,21.0,0.18,361518
,,,,152653
,332.0,3.84,1.83,210236
1.2,68.0,73.0,1.1,168490
0.0,152.0,184.0,0.5,66473
2.1,167.0,11.0,19.5,37465
1.1,121.0,44.0,1.3,144141
0.0,152.0,82.0,1.16,279084
1.1,459.0,21.0,0.79,95383
1.0,4.0,4.0,0.14,211600
,,,,64049
0.3,61.0,59.0,0.25,301502
0.0,0.0,0.0,0.0,88683
1.5,391.0,5.0,0.35,225651
1.7,133.0,20.0,0.27,331486
2.0,115.0,55.0,2.86,16152
6.7,210.0,265.0,2.45,115432
1.5,206.0,45.0,1.29,51648
2.8,172.0,17.0,1.49,256268
0.0,175.0,11.0,0.85,197929
0.9,324.0,18.0,0.74,206608
0.9,,,,261721
4.6,186.0,178.0,2.87,3888
4.0,397.0,34.0,2.18,38181
2.6,54.0,6.0,0.43,22338
,350.0,45.5,4.34,58263
2.1,197.0,41.0,4.86,444830
0.5,166.0,48.0,1.1,268243
0.0,27.0,4.0,0.03,91829
1.26,228.0,61.9,0.439,80350
1.8,288.0,86.0,0.22,83789
0.7,136.0,14.0,0.22,182382
1.4,166.0,22.0,0.24,26546
1.5,380.0,13.0,0.89,116484
0.0,178.0,17.0,1.0,3900
0.0,132.0,123.0,0.0,249154
1.5,78.0,5.0,1.25,382741
,,,,3051
0.5,29.0,48.0,1.08,153569
40.3,1070.0,1650.0,28.1,35627
1.7,297.0,16.0,1.7,24044
0.5,137.0,15.0,0.3,72015
1.4,58.0,8.0,0.38,348969
3.0,229.0,95.0,1.77,208401
,,,,96730
2.5,267.0,63.0,4.32,375800
1.0,,19.0,0.0,148058
,112.0,27.0,0.72,154351
0.0,132.0,66.0,1.31,291901
4.78,477.0,38.6,0.73,88220
,138.0,206.0,1.72,317835
0.652,156.0,21.4,0.0,106986
0.8,209.0,14.0,0.94,367207
0.0,999.0,7.0,0.56,52896
2.2,37.0,36.0,0.15,84330
3.2,114.0,91.0,2.71,131091
4.6,507.0,63.0,4.2,135874
,341.0,6.0,3.27,33245
,,,,101417
2.2,535.0,15.0,1.08,149252
3.14,376.0,0.432,0.739,24424
2.8,119.0,32.0,1.01,11886
0.8,325.0,31.0,0.64,31829
1.3,235.0,11.0,0.33,257584
,112.0,27.0,0.72,82032
3.2,114.0,91.0,2.71,38824
1.0,112.0,54.0,0.23,73087
,169.0,172.0,1.8,52104
1.0,98.0,35.0,1.8,73488
1.3,131.0,13.0,0.52,422998
2.7,,21.0,1.0,154050
1.1,,,1.0,195725
0.0,274.0,90.0,1.61,215141
,,,,178156
2.6,65.0,22.0,1.22,15200
0.8,,15.0,0.09,179740
1.3,315.0,13.0,0.62,29944
1.2,115.0,12.0,0.55,42880
4.6,186.0,178.0,2.87,282052
0.0,0.0,0.0,0.0,167766
,281.0,4.58,2.06,14520
0.0,17.0,4.0,0.0,102631
0.7,280.0,10.0,0.29,262152
2.1,302.0,15.0,1.46,28976
2.1,167.0,11.0,19.5,148347
3.0,112.0,25.0,3.6,163672
0.3,106.0,16.0,0.87,161411
3.8,196.0,535.0,24.7,105212
2.1,167.0,11.0,19.5,95562
2.6,88.0,89.0,1.04,314564
2.5,12.0,25.0,0.77,122686
0.4,246.0,139.0,0.83,105043
1.1,127.0,145.0,0.57,378574
0.0,324.0,6.0,0.32,324182
1.5,108.0,23.0,0.31,203637
0.0,21.0,4.0,0.03,29703
2.0,354.0,54.0,0.9,10127
,76.0,10.0,0.4,55694
2.0,250.0,200.0,3.6,53520
1.1,,,1.0,16518
,136.0,19.0,5.62,108564
0.0,17.0,4.0,0.0,82820
1.5,391.0,5.0,0.35,121051
0.7,280.0,10.0,0.29,68364
1.4,373.0,10.0,0.68,92096
0.0,24.0,41.0,0.15,318649
2.7,416.0,17.0,0.56,21105
0.0,229.0,45.0,6.7,361281
14.5,802.0,25.0,0.74,77183
2.1,,48.0,0.7,162386
2.1,106.0,319.0,0.43,91501
0.0,182.0,13.0,1.37,14331
3.3,69.0,0.0,0.46,188204
0.0,178.0,17.0,1.0,131971
1.26,228.0,61.9,0.439,30600
1.4,67.0,3.0,0.11,11544
,,,,19667
0.3,106.0,16.0,0.87,29598
0.0,116.0,10.0,0.21,30773
0.0,325.0,4.0,1.0,216614
1.8,545.0,9.0,0.7,432391
1.8,545.0,9.0,0.7,103247
2.7,416.0,17.0,0.56,78432
3.3,746.0,64.0,0.98,198781
,366.0,4.12,0.421,26229
1.1,121.0,44.0,1.3,103006
0.0,21.0,4.0,0.03,115415
2.5,131.0,70.0,2.76,290934
0.0,999.0,7.0,0.56,320964
1.0,,19.0,0.0,116882
,417.0,25.0,0.38,14561
0.0,123.0,123.0,0.44,153229
0.0,38.0,11.0,0.2,104798
3.4,323.0,55.0,0.83,8626
1.0,,46.0,0.61,168785
0.7,231.0,165.0,1.19,232928
,,,,201756
0.0,349.0,7.0,0.64,123859
,208.0,43.0,2.07,15426
14.8,663.0,682.0,19.7,114294
1.1,562.0,13.0,0.59,223517
0.2,45.0,5.0,0.1,122012
,366.0,4.12,0.421,133511
0.0,132.0,66.0,1.31,186294
1.7,297.0,16.0,1.7,144220
1.7,164.0,15.0,1.03,179429
2.6,450.0,15.0,0.5,369959
0.7,231.0,165.0,1.19,283061
0.0,0.0,0.0,0.0,13293
5.5,107.0,59.0,0.53,178611
1.5,,23.0,0.0,29351
0.0,147.0,101.0,0.05,4141
5.1,123.0,5.0,0.82,11177
,366.0,4.12,0.421,13626
0.0,182.0,13.0,1.37,123854
3.5,168.0,101.0,4.45,53079
0.0,245.0,18.0,1.5,150499
1.1,110.0,43.0,2.06,26631
2.7,,21.0,1.0,317796
0.8,125.0,8.0,0.5,30555
2.7,416.0,17.0,0.56,40118
1.1,459.0,21.0,0.79,41087
0.2,501.0,101.0,4.18,24550
2.0,140.0,28.0,0.21,261670
2.0,123.0,54.0,1.91,42506
2.1,84.0,90.0,2.49,118477
3.3,365.0,47.0,3.43,66191
,397.0,4.53,0.929,307580
3.2,114.0,91.0,2.71,28799
14.9,73.0,223.0,1.34,48346
0.7,168.0,231.0,1.9,223393
0.0,178.0,17.0,1.0,20492
0.0,318.0,22.0,0.85,501742
,106.0,205.0,2.54,169094
3.6,704.0,10.0,0.74,172272
0.2,47.0,118.0,1.06,362458
9.4,358.0,47.0,4.64,28970
1.1,459.0,21.0,0.79,99304
4.0,141.0,125.0,3.6,128588
1.6,151.0,33.0,2.5,271920
1.0,,46.0,0.61,108955
1.5,108.0,23.0,0.31,4042
2.2,197.0,17.0,0.24,24253
1.5,185.0,16.0,0.84,46737
1.5,391.0,5.0,0.35,69851
3.4,69.0,74.0,2.81,24344
0.5,171.0,17.0,0.88,149098
0.8,308.0,26.0,0.77,34558
0.0,122.0,0.0,0.0,93528
4.23,,,,29785
0.0,219.0,206.0,0.13,69078
0.0,446.0,11.0,0.44,233576
0.0,,9.0,1.46,487669
53.2,1170.0,525.0,19.1,254495
1.8,597.0,20.0,5.42,42272
1.7,341.0,94.0,4.7,147469
1.5,206.0,45.0,1.29,309164
,136.0,19.0,5.62,87748
4.6,175.0,32.0,1.33,102203
1.4,78.0,35.0,0.82,397238
0.4,138.0,23.0,0.64,57739
0.0,262.0,14.0,1.24,65582
0.0,115.0,86.0,0.26,172593
,1070.0,111.0,5.09,166212
1.0,161.0,40.0,1.22,29410
,,,,184672
0.0,353.0,40.4,0.24,106395
1.4,206.0,44.0,1.76,164898
1.5,185.0,16.0,0.84,18481
2.9,,23.0,1.0,109607
0.5,340.0,21.0,0.8,5366
1.0,152.0,46.0,3.07,60559
,136.0,138.0,3.43,146579
1.3,195.0,29.0,1.02,356343
0.1,116.0,36.0,0.8,70192
,,,,26231
0.0,20.0,3.0,0.08,158386
0.0,238.0,6.0,2.35,366948
0.0,214.0,9.0,1.61,95414
0.9,324.0,18.0,0.74,262816
1.4,157.0,6.0,0.17,131769
,,,,524863
0.0,320.0,26.0,3.95,53854
,55.0,12.0,0.12,69381
2.51,116.0,5.48,0.0696,220875
3.6,343.0,78.0,1.21,83475
22.7,2080.0,168.0,55.0,48162
9.5,744.0,106.0,3.91,32190
2.0,,23.0,1.0,264256
0.0,152.0,184.0,0.5,292710
0.0,350.0,251.0,0.17,172482
0.0,85.0,659.0,0.59,209715
10.0,336.0,36.0,3.26,443401
0.9,121.0,11.0,0.45,70912
0.6,67.0,8.0,0.16,48974
0.7,280.0,10.0,0.29,11510
,366.0,4.12,0.421,16902
0.0,288.0,43.0,0.78,103760
4.6,186.0,178.0,2.87,3064
0.0,256.0,528.0,0.31,43475
3.3,230.0,28.0,2.3,116695
0.0,17.0,4.0,0.0,102694
1.0,161.0,40.0,1.22,102351
,112.0,27.0,0.72,102377
0.0,378.0,8.0,1.51,30484
,149.0,26.0,1.99,2695
10.8,846.0,45.0,4.86,300958
1.8,175.0,81.0,0.8,317121
14.5,329.0,7.0,3.19,50657
3.0,229.0,95.0,1.77,125519
2.6,65.0,22.0,1.22,8264
3.7,104.0,59.0,3.52,268957
1.2,198.0,154.0,1.72,120467
0.3,106.0,16.0,0.87,106715
2.4,169.0,166.0,2.49,17300
2.5,103.0,27.0,3.05,117293
0.3,106.0,16.0,0.87,317678
1.0,161.0,40.0,1.22,13782
4.0,0.0,100.0,1.8,110888
3.5,307.0,0.0,0.0,72085
1.4,320.0,34.0,1.46,123316
3.1,445.0,29.0,3.32,35950
,366.0,4.12,0.421,152910
,,,,48691
2.1,124.0,105.0,3.45,60956
2.2,117.0,52.0,3.91,380748
1.1,131.0,39.0,1.18,151740
2.1,167.0,11.0,19.5,134746
0.0,81.0,4.0,0.6,152696
0.0,268.0,3.0,0.66,39383
3.5,168.0,101.0,4.45,86286
0.0,136.0,12.0,2.08,97243
1.1,459.0,21.0,0.79,70915
,,,,148522
,100.0,32.0,2.97,15454
1.1,221.0,25.0,1.55,265782
2.9,,23.0,1.0,274288
1.4,48.0,18.0,1.62,4637
6.4,294.0,43.0,0.77,21321
0.0,294.0,28.0,1.52,71196
4.0,397.0,34.0,2.18,137344
1.6,78.0,7.0,0.13,92616
,,,,71967
,12.0,34.0,0.63,53771
2.1,167.0,11.0,19.5,76470
5.5,312.0,47.0,2.54,202343
1.5,347.0,33.0,0.7,20597
1.0,178.0,93.0,2.5,54398
0.0,160.0,21.0,0.18,122766
2.7,,21.0,1.0,73460
0.4,183.0,16.0,0.88,235408
0.2,90.0,53.0,0.16,140179
0.0,3.0,4.0,0.01,117424
10.0,336.0,36.0,3.26,67570
1.8,545.0,9.0,0.7,467194
0.0,214.0,9.0,1.61,508263
0.1,14.0,12.0,0.55,273264
0.0,252.0,11.0,1.22,145046
1.6,258.0,211.0,0.75,486156
0.0,17.0,4.0,0.0,209249
2.0,129.0,6.0,0.17,35775
0.0,156.0,100.0,0.46,63503
0.0,136.0,650.0,0.43,68293
1.5,391.0,5.0,0.35,385595
0.0,268.0,3.0,0.66,10410
1.5,168.0,28.0,0.83,376387
0.1,58.0,34.0,0.35,369844
6.3,241.0,380.0,3.02,51081
0.9,241.0,13.0,0.35,77497
0.0,262.0,14.0,1.24,100761
1.4,206.0,44.0,1.76,45753
2.1,,48.0,0.7,211156
0.0,15.0,3.0,0.03,42038
1.7,341.0,94.0,4.7,182205
1.1,221.0,25.0,1.55,28287
1.0,90.0,11.0,0.34,243401
2.1,167.0,11.0,19.5,199392
9.9,1490.0,22.0,1.15,232907
2.3,119.0,154.0,4.47,84526
0.0,145.0,8.0,1.86,149104
2.1,,48.0,0.7,310800
1.1,207.0,51.0,1.74,403452
3.3,230.0,28.0,2.3,107728
6.32,654.0,49.8,1.85,343983
1.0,144.0,47.0,0.95,286395
4.6,507.0,63.0,4.2,84269
0.6,,176.0,0.64,110934
0.2,47.0,118.0,1.06,88599
0.9,277.0,95.0,0.58,3471
5.2,436.0,63.0,2.27,179813
1.2,69.0,24.0,0.36,28110
9.1,418.0,147.0,3.0,151956
2.0,153.0,16.0,0.41,95103
7.7,536.0,18.0,1.25,174634
1.3,192.0,127.0,2.87,58427
3.0,229.0,95.0,1.77,48603
1.2,118.0,20.0,0.16,112702
1.1,131.0,39.0,1.18,288256
26.2,2960.0,813.0,20.0,318100
9.5,744.0,106.0,3.91,26017
1.7,164.0,15.0,1.03,26947
0.0,132.0,66.0,1.31,17118
0.8,115.0,14.0,1.25,70522
0.4,147.0,20.0,0.19,307179
0.0,47.0,19.0,1.14,22710
1.4,111.0,53.0,1.92,211589
1.1,110.0,20.0,0.76,16501
,,,,27560
2.7,217.0,29.0,1.03,343341
4.0,0.0,100.0,1.8,95357
4.6,186.0,178.0,2.87,604
0.0,178.0,169.0,0.12,174691
2.6,136.0,0.0,1.88,54517
1.3,242.0,15.0,0.5,49062
1.6,60.0,19.0,0.71,42822
1.4,170.0,37.0,0.52,53612
1.7,133.0,20.0,0.27,85319
0.0,17.0,4.0,0.0,83205
0.8,,15.0,0.09,493958
0.0,2.0,0.0,0.12,245752
0.0,285.0,18.0,1.5,72044
1.3,96.0,54.0,0.14,51495
2.2,120.0,86.0,2.62,60108
1.0,178.0,93.0,2.5,152553
0.0,264.0,289.0,9.56,63803
2.7,217.0,29.0,1.03,388224
0.0,138.0,56.0,1.75,356778
0.8,308.0,26.0,0.77,116491
2.1,167.0,11.0,19.5,56645
1.5,127.0,39.0,0.7,342995
4.0,397.0,34.0,2.18,29461
0.0,184.0,51.0,1.27,14770
3.6,121.0,4.0,0.0,58937
2.2,131.0,41.0,3.9,246317
0.0,47.0,19.0,1.14,229073
2.0,115.0,55.0,2.86,306688
,,,,45246
3.2,367.0,116.0,7.4,68088
1.7,133.0,20.0,0.27,24147
,341.0,6.0,3.27,192637
5.2,1330.0,72.0,1.6,135341
1.1,134.0,21.0,1.4,50022
1.6,168.0,11.0,0.16,18657
5.1,430.0,166.0,2.55,19101
2.1,202.0,24.0,2.14,51574
1.1,110.0,20.0,0.76,347623
0.8,115.0,14.0,1.25,191946
6.32,654.0,49.8,1.85,171345
2.1,275.0,176.0,2.32,333592
,259.0,70.0,0.51,229043
1.1,134.0,21.0,1.4,339990
7.8,257.0,42.0,1.55,51681
1.0,197.0,114.0,0.42,147440
0.0,187.0,11.0,0.0,30824
,,7.0,2.9,119152
4.6,507.0,63.0,4.2,120465
0.0,294.0,28.0,1.52,272179
,,,,212395
10.0,336.0,36.0,3.26,143866
1.5,130.0,58.0,0.8,207841
2.4,100.0,6.0,0.13,280197
4.3,1520.0,192.0,5.48,38034
,176.0,57.0,1.84,480137
1.4,111.0,53.0,1.92,27943
10.0,336.0,36.0,3.26,317485
,397.0,4.53,0.929,311020
2.2,125.0,84.0,3.25,140376
6.3,718.0,188.0,2.25,25446
,122.0,33.0,0.53,170605
0.0,324.0,6.0,0.32,78814
2.1,,48.0,0.7,256832
0.0,180.0,853.0,0.49,264447
14.3,204.0,78.0,3.25,82830
2.1,99.0,22.0,0.93,21657
3.7,104.0,59.0,3.52,293120
0.7,119.0,42.0,0.22,195193
2.6,224.0,14.0,2.11,29903
0.5,18.0,102.0,0.6,218459
0.4,90.0,51.0,0.63,48957
1.0,45.0,4.0,0.29,122086
0.0,9.0,2.0,0.08,384111
0.0,304.0,11.0,2.17,31062
,,,,47372
2.9,256.0,100.0,2.55,1035
0.6,140.0,20.0,0.88,79082
,259.0,70.0,0.51,262288
3.4,210.0,31.0,4.01,360032
1.0,161.0,40.0,1.22,16073
0.0,136.0,91.0,0.05,136204
1.1,146.0,12.0,0.2,136322
2.1,167.0,11.0,19.5,60212
2.2,535.0,15.0,1.08,38424
0.0,136.0,12.0,2.08,55634
0.0,133.0,83.0,0.71,38641
3.4,69.0,74.0,2.81,100365
0.8,111.0,29.0,2.22,34390
0.3,106.0,16.0,0.87,66488
3.2,576.0,14.0,0.55,280223
,,,,222526
1.1,130.0,32.0,0.6,79235
0.9,,149.0,1.69,52612
0.9,293.0,106.0,0.68,80323
3.14,376.0,0.432,0.739,119601
0.0,302.0,10.0,0.56,290148
0.0,182.0,13.0,1.37,45088
2.6,194.0,15.0,1.22,373619
1.3,286.0,18.0,0.31,294395
2.1,124.0,105.0,3.45,171865
2.1,167.0,11.0,19.5,60930
1.1,121.0,44.0,1.3,141568
2.3,119.0,154.0,4.47,9757
3.6,286.0,357.0,1.28,321959
3.0,229.0,95.0,1.77,66990
,366.0,4.12,0.421,218486
1.0,99.0,90.0,1.16,43684
0.0,71.0,9.0,0.27,35882
5.8,166.0,73.0,2.83,15478
1.3,242.0,15.0,0.5,39786
0.0,62.0,493.0,0.65,90513
2.0,352.0,48.0,0.7,194165
,,,,39446
1.1,221.0,25.0,1.55,170897
2.0,249.0,47.0,0.63,51935
8.5,316.0,476.0,4.73,106670
,263.0,35.0,1.55,103611
2.0,342.0,21.0,2.71,98253
0.0,203.0,9.0,0.69,449452
,286.0,11.0,0.17,83200
7.7,536.0,18.0,1.25,23153
1.1,,,1.0,57006
1.7,164.0,15.0,1.03,52892
3.14,376.0,0.432,0.739,255422
5.2,600.0,800.0,45.0,310271
,349.0,3.7,2.22,222394
0.8,158.0,109.0,1.65,284613
0.2,47.0,118.0,1.06,163358
8.6,368.0,85.0,3.69,184117
5.5,312.0,47.0,2.54,90910
0.0,999.0,7.0,0.56,290787
0.0,294.0,58.0,0.91,28648
0.9,277.0,95.0,0.58,351138
1.0,71.0,24.0,1.36,27914
1.8,235.0,22.0,0.91,12450
10.1,633.0,357.0,28.9,87075
0.0,377.0,36.0,1.05,96367
0.0,39.0,6.0,0.45,337211
0.0,282.0,11.0,2.3,43114
34.2,2090.0,36.0,8.02,82971
,366.0,4.12,0.421,37821
,85.6,11.7,0.34,300809
3.6,326.0,2.0,0.53,37310
10.8,846.0,45.0,4.86,222159
3.2,56.0,23.0,0.7,116324
1.7,341.0,94.0,4.7,7020
0.4,22.0,7.0,0.26,39393
1.2,150.0,19.0,1.3,12469
1.0,45.0,4.0,0.29,44729
4.3,164.0,143.0,6.43,203131
2.1,222.0,13.0,0.36,17615
2.2,131.0,41.0,3.9,71373
0.0,550.0,432.0,9.3,249761
0.1,99.0,10.0,0.21,53809
0.8,308.0,26.0,0.77,52561
4.6,238.0,333.0,6.0,12367
7.6,1250.0,172.0,2.38,104917
9.9,1490.0,22.0,1.15,47245
2.5,296.0,92.0,1.6,206252
0.0,34.0,18.0,0.01,359285
5.1,66.0,159.0,3.17,160607
0.0,62.0,493.0,0.65,90730
1.6,258.0,211.0,0.75,393586
8.2,423.0,57.0,1.67,149952
0.0,85.0,659.0,0.59,21935
1.0,144.0,47.0,0.95,318738
0.0,36.0,9.0,0.18,329954
2.9,181.0,21.0,4.11,2066
0.3,61.0,59.0,0.25,125195
,,,,26391
,,,,64266
2.7,167.0,115.0,0.78,210717
1.1,562.0,13.0,0.59,331489
2.4,381.0,14.0,0.72,107546
3.4,237.0,61.0,0.8,200524
0.0,180.0,853.0,0.49,37531
0.0,0.0,0.0,0.0,219574
1.3,235.0,11.0,0.33,430119
4.0,236.0,10.0,0.3,83459
1.1,134.0,21.0,1.4,91199
0.4,112.0,7.0,0.24,27469
0.2,108.0,4.0,0.27,66292
1.1,110.0,20.0,0.76,141490
13.7,560.0,263.0,2.83,147856
0.0,324.0,105.0,1.08,55782
1.2,78.0,26.0,2.42,63746
3.1,116.0,9.0,0.18,45475
4.0,0.0,100.0,1.8,13267
0.8,112.0,120.0,1.48,190714
,,,,138710
2.5,147.0,31.0,2.14,107543
0.942,163.0,7.5,0.186,33717
1.4,320.0,34.0,1.46,50419
5.1,123.0,5.0,0.82,38510
0.0,133.0,83.0,0.71,148225
0.0,133.0,83.0,0.71,181208
6.5,2100.0,67.0,4.04,219439
0.0,125.0,101.0,0.07,192600
0.8,212.0,20.0,2.38,33260
0.0,256.0,528.0,0.31,154776
,397.0,4.53,0.929,57621
,,,,84324
1.4,320.0,34.0,1.46,466215
0.0,51.0,68.0,0.14,49721
0.0,293.0,8.0,3.02,45661
8.3,327.0,243.0,8.78,154635
,428.0,146.0,3.29,144146
0.0,17.0,4.0,0.0,68845
2.2,106.0,213.0,2.27,170226
23.6,2540.0,212.0,3.93,144926
,949.0,61.8,7.16,456
2.3,68.0,13.0,3.98,121307
1.1,459.0,21.0,0.79,61129
34.2,2090.0,36.0,8.02,192940
5.3,508.0,78.0,0.97,415193
1.5,185.0,16.0,0.84,138331
1.2,150.0,132.0,2.28,23632
7.4,3020.0,1140.0,32.3,182455
0.0,666.0,163.0,2.63,195326
0.4,90.0,51.0,0.63,354661
1.1,207.0,51.0,1.74,197700
0.0,1.0,2.0,0.02,116367
0.7,0.0,0.0,0.0,71908
0.0,178.0,17.0,1.0,6521
,208.0,43.0,2.07,344015
0.0,0.0,0.0,0.0,456482
3.2,299.0,82.0,0.62,27452
1.1,134.0,21.0,1.4,63222
0.0,335.0,466.0,0.18,291860
1.8,377.0,35.0,0.54,4765
0.9,103.0,47.0,0.41,122457
4.0,397.0,34.0,2.18,120971
0.0,36.0,9.0,0.18,27546
3.6,326.0,2.0,0.53,229416
,194.0,13.6,0.511,362076
2.5,12.0,25.0,0.77,69281
1.4,48.0,18.0,1.62,205025
1.4,245.0,58.0,1.77,501521
3.4,323.0,55.0,0.83,149360
2.0,153.0,16.0,0.41,253534
7.3,793.0,322.0,5.4,99996
0.5,166.0,48.0,1.1,119449
0.0,268.0,3.0,0.66,10705
7.4,3020.0,1140.0,32.3,102457
0.0,10.0,2.0,0.0,91423
1.9,234.0,19.0,2.44,224213
0.1,86.0,56.0,0.1,151474
0.0,115.0,86.0,0.26,67382
,208.0,43.0,2.07,129896
0.0,165.0,130.0,0.2,35242
0.0,17.0,4.0,0.0,282073
0.0,123.0,123.0,0.44,128453
2.1,167.0,11.0,19.5,124163
3.5,74.0,71.0,2.54,250385
0.0,1.0,2.0,0.02,427197
23.9,3490.0,629.0,6.73,29658
1.1,221.0,25.0,1.55,161409
,208.0,43.0,2.07,17651
0.0,389.0,110.0,1.3,69347
2.5,267.0,63.0,4.32,361778
2.9,237.0,32.0,0.89,77611
0.0,39.0,6.0,0.45,182173
,,,,300705
0.7,56.0,4.0,0.1,17316
,332.0,3.84,1.83,29008
2.0,153.0,16.0,0.41,123578
2.2,437.0,3.0,0.4,202194
0.7,5.0,14.0,1.79,130055
0.0,1.0,0.0,0.01,48385
0.0,62.0,493.0,0.65,223683
0.0,256.0,528.0,0.31,106773
1.26,228.0,61.9,0.439,12563
0.0,0.0,0.0,0.0,186927
0.6,190.0,28.0,2.41,157270
0.4,178.0,153.0,3.63,391878
1.6,369.0,160.0,1.46,193399
1.5,78.0,5.0,1.25,70538
0.9,107.0,35.0,1.26,45181
0.0,308.0,19.0,1.41,217963
1.8,801.0,35.0,2.53,132352
0.0,182.0,13.0,1.37,191459
,,,,69639
2.3,337.0,133.0,2.92,4952
0.1,86.0,56.0,0.1,46595
0.0,162.0,196.0,1.12,209429
1.7,168.0,208.0,1.86,316956
3.6,121.0,4.0,0.0,61492
0.7,204.0,12.0,1.09,31559
0.0,294.0,28.0,1.52,261158
0.0,115.0,86.0,0.26,108778
0.8,,15.0,0.09,282598
1.9,1030.0,271.0,0.0,146868
2.5,267.0,63.0,4.32,151406
1.1,,,1.0,3689
1.7,297.0,16.0,1.7,99103
3.4,323.0,55.0,0.83,91661
,208.0,43.0,2.07,190476
2.3,108.0,95.0,3.28,266675
0.0,136.0,12.0,2.08,135706
,949.0,61.8,7.16,232836
1.0,71.0,24.0,1.36,341383
0.0,155.0,50.0,1.11,178337
5.1,76.0,180.0,3.57,203981
1.0,,19.0,0.0,92042
3.3,230.0,28.0,2.3,162913
2.5,170.0,22.0,8.85,46294
1.6,151.0,33.0,2.5,21688
3.4,323.0,55.0,0.83,146932
1.4,48.0,18.0,1.62,51997
3.9,146.0,372.0,4.87,256493
0.0,126.0,50.0,1.19,185013
2.2,437.0,3.0,0.4,30388
1.8,288.0,86.0,0.22,29472
2.3,323.0,93.0,0.72,225575
0.0,1080.0,810.0,4.1,110855
1.0,,46.0,0.61,81141
,949.0,61.8,7.16,18209
0.5,18.0,102.0,0.6,400909
4.6,507.0,63.0,4.2,60141
0.0,4.0,8.0,0.0,370846
0.1,116.0,36.0,0.8,61932
,112.0,27.0,0.72,458529
2.1,167.0,11.0,19.5,43332
3.2,114.0,91.0,2.71,362338
,,,,33843
0.0,302.0,10.0,0.56,487039
2.8,240.0,42.0,1.97,315848
,69.0,11.0,0.46,38083
0.0,67.0,0.0,0.0,153449
4.6,180.0,25.0,2.16,110793
3.2,56.0,23.0,0.7,145355
1.3,125.0,71.0,1.96,124830
3.6,80.0,8.0,0.23,250284
6.8,507.0,13.0,0.61,16271
6.32,654.0,49.8,1.85,143003
1.8,176.0,293.0,0.71,48892
,,,,36114
0.1,86.0,56.0,0.1,91298
0.0,365.0,30.0,0.64,109283
2.2,131.0,41.0,3.9,142472
1.7,182.0,111.0,1.27,85621
0.0,239.0,13.0,0.79,371492
,112.0,27.0,0.72,106257
,265.0,10.0,1.5,304233
2.0,140.0,28.0,0.21,156331
0.0,49.0,14.0,1.06,56776
7.5,332.0,37.0,1.55,117520
10.0,336.0,36.0,3.26,114832
0.0,324.0,105.0,1.08,496591
6.0,262.0,280.0,1.0,1042
1.7,341.0,94.0,4.7,148641
2.0,115.0,55.0,2.86,303469
6.5,2100.0,67.0,4.04,40983
1.1,,,1.0,37554
1.4,320.0,34.0,1.46,32062
0.0,14.0,3.0,0.05,33051
,258.0,73.0,2.75,15277
4.1,638.0,42.0,5.99,134873
0.9,185.0,24.0,0.32,59488
,,,,187793
10.2,483.0,109.0,2.81,176753
0.0,6.0,8.0,0.13,66284
0.0,245.0,18.0,1.5,34625
,193.0,97.8,0.276,64991
0.2,156.0,118.0,0.33,495386
,,,,146843
10.8,668.0,48.0,7.39,322848
0.0,132.0,66.0,1.31,126728
,345.0,4.09,2.53,18487
5.7,286.0,21.0,0.61,487003
2.1,167.0,11.0,19.5,154126
0.0,178.0,17.0,1.0,219831
1.16,213.0,6.36,0.353,719
1.6,295.0,177.0,3.17,40061
,259.0,70.0,0.51,32745
1.8,309.0,26.0,0.83,26291
0.0,117.0,4.0,0.09,162586
,642.0,595.0,6.04,50582
0.0,19.0,5.0,0.02,268780
1.7,133.0,20.0,0.27,31371
0.5,101.0,7.0,0.67,168653
2.1,167.0,11.0,19.5,165144
2.1,167.0,11.0,19.5,916
1.2,182.0,19.0,0.4,27314
2.1,202.0,24.0,2.14,160213
1.6,295.0,177.0,3.17,333164
1.4,195.0,135.0,0.52,391744
2.2,117.0,52.0,3.91,347185
0.6,88.0,90.0,0.14,153350
8.6,905.0,62.0,2.01,386809
4.6,180.0,25.0,2.16,494768
1.56,582.0,68.4,1.26,261683
0.9,188.0,120.0,0.21,318841
1.2,289.0,12.0,1.01,242863
0.0,483.0,11.0,0.59,91267
,,,,384800
1.95,274.0,20.4,0.334,106611
8.8,329.0,313.0,12.0,297272
,208.0,43.0,2.07,295813
0.6,,176.0,0.64,245882
0.0,324.0,105.0,1.08,21839
10.8,846.0,45.0,4.86,219899
0.0,116.0,10.0,0.21,227110
2.1,159.0,28.0,2.26,88646
2.6,,87.0,2.22,9272
0.3,61.0,59.0,0.25,20155
1.0,178.0,93.0,2.5,20824
1.3,224.0,55.0,2.64,59224
0.0,178.0,17.0,1.0,68042
1.0,302.0,149.0,0.0,240575
0.7,5.0,14.0,1.79,35140
2.7,,21.0,1.0,395313
1.7,168.0,208.0,1.86,30021
3.9,143.0,10.0,1.67,379950
2.9,170.0,30.0,1.47,22939
2.1,124.0,105.0,3.45,95086
0.0,324.0,105.0,1.08,53047
1.2,89.0,56.0,0.61,88489
2.1,84.0,90.0,2.49,98716
1.7,133.0,20.0,0.27,59905
1.8,288.0,86.0,0.22,49068
0.0,211.0,12.0,1.77,178446
0.6,177.0,18.0,0.34,283273
15.5,1480.0,123.0,5.02,55193
,1070.0,111.0,5.09,25360
26.3,529.0,834.0,43.0,89684
12.3,3430.0,110.0,9.09,117175
2.7,,,,240456
1.1,,,1.0,41705
1.2,116.0,20.0,1.15,24912
0.0,132.0,66.0,1.31,82546
2.1,202.0,24.0,2.14,394244
0.5,179.0,210.0,3.14,146055
3.2,176.0,116.0,3.6,94886
1.4,58.0,8.0,0.38,67468
,55.0,12.0,0.12,67396
2.9,390.0,57.0,1.44,101438
0.5,29.0,48.0,1.08,20449
0.0,0.0,0.0,0.0,62581
0.0,182.0,13.0,1.37,16913
3.0,229.0,95.0,1.77,239431
1.6,258.0,211.0,0.75,38298
0.3,106.0,16.0,0.87,16323
2.1,167.0,11.0,19.5,73274
,176.0,224.0,4.0,429679
,259.0,70.0,0.51,89439
2.4,303.0,46.0,0.69,81207
1.2,102.0,183.0,1.37,41253
7.5,272.0,106.0,2.42,320924
1.95,274.0,20.4,0.334,372945
1.1,130.0,32.0,0.6,235805
9.9,1490.0,22.0,1.15,28091
3.2,114.0,91.0,2.71,27811
1.5,391.0,5.0,0.35,68756
0.0,228.0,14.0,2.67,155485
0.4,247.0,47.0,0.79,189314
,,7.0,2.9,56523
2.5,90.0,30.0,1.1,4779
3.2,246.0,97.0,3.81,113150
0.6,67.0,8.0,0.16,43396
0.7,231.0,165.0,1.19,8892
0.2,90.0,53.0,0.16,186517
0.7,173.0,13.0,0.6,34573
1.8,176.0,293.0,0.71,12157
2.5,9.0,94.0,3.32,34701
0.0,132.0,66.0,1.31,251220
2.8,248.0,12.0,0.25,15982
1.72,373.0,5.46,0.227,404716
16.5,1930.0,166.0,4.56,169738
1.6,151.0,33.0,2.5,57033
1.2,217.0,122.0,1.59,277833
1.8,207.0,41.0,0.3,136873
0.0,0.0,0.0,0.0,166059
2.4,82.0,17.0,0.93,137724
1.4,78.0,35.0,0.82,29939
0.0,294.0,28.0,1.52,292578
0.9,185.0,20.0,0.56,116625
0.7,231.0,165.0,1.19,56231
0.0,0.0,0.0,0.0,278543
53.2,1170.0,525.0,19.1,182106
0.0,133.0,83.0,0.71,250063
4.6,507.0,63.0,4.2,55110
6.32,654.0,49.8,1.85,220520
1.4,333.0,25.0,0.69,413023
0.8,125.0,8.0,0.5,19677
3.6,232.0,71.0,1.29,3683
0.7,173.0,13.0,0.6,17596
0.0,455.0,610.0,0.4,61196
17.3,452.0,33.0,3.6,138330
4.8,314.0,172.0,1.6,301815
3.3,622.0,32.0,1.67,131365
2.4,132.0,87.0,4.65,104628
0.0,363.0,18.0,2.21,133526
,,,,342208
1.8,288.0,86.0,0.22,62363
0.3,106.0,16.0,0.87,227225
2.5,267.0,63.0,4.32,19383
0.0,178.0,17.0,1.0,67686
0.0,14.0,3.0,0.05,287112
2.5,267.0,63.0,4.32,64838
1.6,340.0,109.0,3.67,412473
2.2,437.0,3.0,0.4,9060
1.1,459.0,21.0,0.79,309788
0.7,231.0,165.0,1.19,84325
0.0,119.0,6.0,0.37,154133
2.6,459.0,10.0,0.64,413832
1.0,44.0,12.0,0.23,40411
3.8,129.0,17.0,4.59,124908
0.0,86.0,1060.0,0.77,114360
2.5,185.0,11.0,19.6,44440
,281.0,4.58,2.06,173866
0.0,324.0,6.0,0.32,179638
0.0,201.0,22.0,2.0,247044
0.0,123.0,100.0,0.04,58661
,,,,307439
1.1,200.0,167.0,2.35,83608
1.1,221.0,25.0,1.55,57416
0.0,3.0,4.0,0.01,48582
1.1,207.0,51.0,1.74,286346
0.7,199.0,128.0,0.09,38523
0.1,198.0,129.0,0.61,169280
4.1,638.0,42.0,5.99,79103
1.1,459.0,21.0,0.79,432934
3.7,298.0,47.0,1.01,206391
0.8,115.0,14.0,1.25,176183
3.6,121.0,4.0,0.0,153616
0.0,132.0,66.0,1.31,308022
0.0,125.0,101.0,0.07,37769
0.3,106.0,16.0,0.87,253364
0.0,126.0,50.0,1.19,64854
4.9,340.0,42.0,1.76,310741
0.2,45.0,5.0,0.1,68599
1.0,178.0,93.0,2.5,337109
,320.0,5.0,1.11,109393
1.4,148.0,60.0,0.5,79172
2.7,187.0,32.0,4.3,28943
2.0,254.0,467.0,0.94,195616
9.6,410.0,70.0,2.53,47521
1.1,121.0,44.0,1.3,73542
0.0,229.0,17.0,0.82,58093
10.0,336.0,36.0,3.26,21684
2.1,167.0,11.0,19.5,200417
1.7,192.0,124.0,2.14,128640
2.1,84.0,90.0,2.49,497736
3.7,712.0,133.0,1.19,241796
1.6,429.0,14.0,3.4,38607
,69.0,11.0,0.46,136776
2.5,296.0,92.0,1.6,220431
0.0,136.0,52.0,0.09,155100
2.0,254.0,467.0,0.94,128560
1.7,177.0,30.0,0.14,99319
1.1,,,1.0,43842
,,,,51039
0.0,178.0,17.0,1.0,126573
2.0,262.0,132.0,1.72,253156
0.2,145.0,93.0,2.06,518229
0.9,188.0,120.0,0.21,51739
2.5,126.0,102.0,3.34,4667
4.78,477.0,38.6,0.73,459347
4.4,160.0,882.0,32.0,297479
1.2,182.0,19.0,0.4,103457
2.1,99.0,22.0,0.93,54426
1.1,121.0,44.0,1.3,46804
0.0,256.0,528.0,0.31,33130
1.4,117.0,21.0,0.34,87085
34.2,2090.0,36.0,8.02,502049
0.8,308.0,26.0,0.77,44422
,,,,163390
0.0,162.0,217.0,0.76,318755
1.4,195.0,135.0,0.52,389126
2.2,176.0,110.0,1.98,245266
2.1,202.0,24.0,2.14,87168
3.4,244.0,39.0,0.44,39505
2.43,237.0,0.656,0.388,93199
3.2,176.0,116.0,3.6,332576
0.2,208.0,135.0,0.27,310418
0.942,163.0,7.5,0.186,76043
0.0,10.0,2.0,0.0,60799
0.0,117.0,4.0,0.09,70906
,366.0,4.12,0.421,155231
1.1,304.0,90.0,1.21,7470
1.88,278.0,20.6,0.444,270068
1.1,134.0,21.0,1.4,75167
7.4,3020.0,1140.0,32.3,31078
13.7,560.0,263.0,2.83,415549
1.5,206.0,45.0,1.29,18110
2.2,197.0,17.0,0.24,62747
0.7,231.0,165.0,1.19,67085
5.5,358.0,61.0,1.99,284765
2.3,714.0,457.0,0.0,243328
1.1,221.0,25.0,1.55,305673
0.0,677.0,8.0,0.93,78707
4.6,238.0,333.0,6.0,81856
0.0,10.0,2.0,0.0,325571
0.5,171.0,17.0,0.88,174621
,4.0,4.0,0.0,47504
,366.0,4.12,0.421,516527
3.3,245.0,29.0,2.28,17985
0.1,58.0,34.0,0.35,100119
4.9,368.0,26.0,1.6,285570
2.3,294.0,429.0,10.3,37019
14.1,668.0,317.0,6.65,157343
12.3,3430.0,110.0,9.09,283084
4.2,221.0,34.0,2.96,97551
0.9,163.0,12.0,2.48,50334
1.3,192.0,127.0,2.87,248097
1.2,305.0,44.0,1.24,94781
0.0,324.0,105.0,1.08,140646
0.0,64.0,550.0,0.23,217322
2.1,,48.0,0.7,294251
1.5,391.0,5.0,0.35,173575
0.0,33.0,4.0,0.04,30488
,,,,12181
2.2,168.0,21.0,6.3,9850
6.1,170.0,15.0,3.06,156543
1.0,129.0,10.0,0.49,211580
1.7,192.0,124.0,2.14,278248
,397.0,4.53,0.929,20662
0.0,,9.0,1.46,19581
2.1,195.0,166.0,0.71,286647
0.3,61.0,59.0,0.25,93511
3.2,56.0,23.0,0.7,12794
1.8,377.0,35.0,0.54,56978
0.4,174.0,16.0,0.2,9144
3.6,326.0,2.0,0.53,97774
0.5,29.0,48.0,1.08,58917
,272.0,43.0,3.3,151297
1.95,274.0,20.4,0.334,74968
0.0,0.0,0.0,0.0,57388
2.1,167.0,11.0,19.5,27971
1.8,167.0,64.0,0.9,264009
1.8,167.0,64.0,0.9,197398
0.0,17.0,3.0,0.07,83187
2.8,163.0,35.0,2.38,117211
,345.0,4.09,2.53,19842
0.0,306.0,42.0,0.99,191239
2.1,,48.0,0.7,316155
0.0,227.0,0.0,1.64,352781
2.9,,23.0,1.0,356428
0.0,403.0,60.0,2.23,51666
2.2,356.0,37.0,0.87,359522
2.4,132.0,87.0,4.65,161972
1.3,242.0,15.0,0.5,153579
0.0,294.0,28.0,1.52,230385
,350.0,45.5,4.34,111473
1.4,206.0,44.0,1.76,5083
1.1,135.0,99.0,0.68,115199
0.6,145.0,7.0,0.39,172492
6.5,2100.0,67.0,4.04,66895
,1070.0,111.0,5.09,66236
2.6,276.0,72.0,1.48,126673
0.0,39.0,3.0,2.2,49496
2.5,103.0,27.0,3.05,105726
,,,,24559
2.3,247.0,13.0,0.47,78055
0.0,683.0,6.0,0.44,133993
2.1,167.0,11.0,19.5,205169
2.1,202.0,24.0,2.14,88945
0.0,339.0,22.0,1.79,15911
3.3,245.0,29.0,2.28,17937
,345.0,4.09,2.53,125960
6.1,170.0,15.0,3.06,56247
1.1,132.0,40.0,0.69,88116
0.3,106.0,16.0,0.87,307183
6.1,600.0,95.0,2.0,130918
0.0,19.0,5.0,0.02,223688
0.0,132.0,123.0,0.0,32675
2.1,,48.0,0.7,322468
0.0,236.0,13.0,1.08,337063
,,,,427331
1.2,23.0,0.0,0.4,89788
1.8,191.0,89.0,0.62,158490
1.2,102.0,183.0,1.37,35889
,341.0,6.0,3.27,14696
0.7,37.0,38.0,0.15,40556
6.1,182.0,41.0,0.5,129263
1.0,100.0,61.0,0.25,28983
0.2,147.0,168.0,2.63,415154
2.1,167.0,11.0,19.5,338498
13.7,560.0,263.0,2.83,257321
2.05,332.0,41.3,0.0,217140
2.2,117.0,52.0,3.91,47089
0.0,329.0,55.0,1.16,182997
0.9,163.0,12.0,2.48,10865
0.3,106.0,16.0,0.87,404027
4.5,68.0,10.0,0.96,351879
0.2,156.0,118.0,0.33,220639
0.8,125.0,8.0,0.5,54919
0.0,318.0,22.0,0.85,80891
4.1,348.0,254.0,1.6,148242
,250.0,11.0,0.62,14457
2.2,437.0,3.0,0.4,308361
3.3,230.0,28.0,2.3,192346
0.1,225.0,25.0,1.7,293927
,265.0,46.3,0.0,50024
3.0,112.0,25.0,3.6,14531
0.0,214.0,138.0,0.14,97553
,366.0,4.12,0.421,191417
1.6,138.0,13.0,0.89,126158
0.8,308.0,26.0,0.77,334473
1.1,,,1.0,133458
,366.0,4.12,0.421,32541
0.0,194.0,152.0,0.07,128810
2.7,187.0,32.0,4.3,409855
1.2,182.0,19.0,0.4,8814
0.8,209.0,14.0,0.94,211526
2.0,115.0,55.0,2.86,443621
0.5,340.0,21.0,0.8,101814
1.9,234.0,19.0,2.44,261889
,4.0,4.0,0.0,340911
2.0,254.0,467.0,0.94,286002
1.5,108.0,42.0,1.16,48240
3.0,229.0,95.0,1.77,178890
12.3,3430.0,110.0,9.09,372443
1.2,373.0,17.0,0.73,69990
0.0,339.0,22.0,1.79,39942
0.0,483.0,11.0,0.59,130653
1.6,60.0,19.0,0.71,47651
6.1,600.0,95.0,2.0,110546
0.0,48.0,895.0,1.88,359929
,169.0,172.0,1.8,17480
,58.0,30.0,1.04,70594
0.0,160.0,21.0,0.18,76402
3.1,,23.0,1.0,141053
2.6,224.0,14.0,2.11,269713
0.0,268.0,3.0,0.66,81723
0.7,136.0,14.0,0.22,305498
,,7.0,2.9,56414
1.2,69.0,24.0,0.36,67742
14.8,663.0,682.0,19.7,354035
0.6,88.0,90.0,0.14,208135
2.0,259.0,13.0,0.39,116485
1.0,428.0,204.0,0.5,168473
3.1,326.0,60.0,3.18,134973
0.0,0.0,0.0,0.0,15937
0.4,22.0,7.0,0.26,235736
0.0,227.0,10.0,5.4,83668
2.8,156.0,36.0,0.26,241837
3.9,146.0,372.0,4.87,26398
4.9,467.0,34.0,3.14,76381
0.0,0.0,0.0,0.0,145936
,,,,44572
1.2,188.0,83.0,2.44,84873
3.3,622.0,32.0,1.67,34749
41.9,1270.0,709.0,16.3,57908
0.6,149.0,47.0,1.48,42069
1.7,168.0,208.0,1.86,313451
0.0,264.0,6.0,1.69,302772
2.1,167.0,11.0,19.5,55755
6.1,182.0,41.0,0.5,9773
0.0,318.0,22.0,0.85,26333
1.0,197.0,114.0,0.42,379034
4.0,142.0,66.0,2.7,142363
3.4,323.0,55.0,0.83,94232
1.1,,,1.0,312198
,345.0,4.09,2.53,145911
0.0,0.0,0.0,0.0,167136
1.3,88.0,13.0,2.98,15364
0.0,10.0,0.0,0.0,131772
0.5,340.0,21.0,0.8,223396
2.1,99.0,22.0,0.93,21201
3.9,146.0,372.0,4.87,31287
1.1,221.0,25.0,1.55,231556
,,,,9954
1.1,110.0,20.0,0.76,188807
1.9,192.0,53.0,2.6,106215
1.2,118.0,20.0,0.16,223748
0.6,126.0,90.0,1.02,18740
2.6,186.0,11.0,19.8,79337
0.0,235.0,8.0,0.16,49534
1.0,346.0,74.0,6.43,126445
9.2,127.0,684.0,4.89,202036
5.1,124.0,76.0,4.08,93223
,193.0,97.8,0.276,238994
0.0,10.0,2.0,0.0,27275
2.8,294.0,4.0,0.68,434212
0.3,281.0,15.0,0.35,440966
0.7,5.0,14.0,1.79,132659
1.3,242.0,15.0,0.5,171215
2.1,243.0,45.0,0.8,187086
1.2,69.0,24.0,0.36,200025
2.1,124.0,105.0,3.45,346173
0.0,62.0,493.0,0.65,135455
1.1,188.0,152.0,2.97,77378
,,,,86982
0.8,,15.0,0.09,381521
,71.0,890.0,0.13,216702
2.6,459.0,10.0,0.64,178820
2.1,167.0,11.0,19.5,127016
2.0,115.0,55.0,2.86,58942
0.8,158.0,109.0,1.65,26936
2.6,459.0,10.0,0.64,34011
3.5,307.0,0.0,0.0,24577
1.0,71.0,24.0,1.36,443640
1.9,170.0,150.0,0.55,286290
,,,,20187
3.4,210.0,31.0,4.01,434866
2.5,267.0,63.0,4.32,288603
2.6,170.0,23.0,2.41,195164
0.0,183.0,10.0,0.61,453045
2.2,103.0,14.0,2.12,48647
2.3,103.0,86.0,2.87,82680
3.1,,23.0,1.0,13577
0.0,36.0,9.0,0.18,221282
0.0,329.0,10.0,1.13,136522
0.8,125.0,8.0,0.5,95345
2.2,120.0,86.0,2.62,8970
0.3,106.0,16.0,0.87,229484
0.6,,176.0,0.64,56840
0.0,302.0,10.0,0.56,154129
2.1,178.0,26.0,0.79,33833
5.2,1330.0,72.0,1.6,69407
2.5,9.0,94.0,3.32,271023
2.2,126.0,279.0,6.04,55889
4.6,186.0,178.0,2.87,97832
6.6,721.0,143.0,1.25,24952
1.0,170.0,50.0,1.5,43826
1.3,192.0,127.0,2.87,127961
0.0,306.0,42.0,0.99,301594
0.0,71.0,9.0,0.27,170581
3.1,,23.0,1.0,82603
1.1,221.0,25.0,1.55,153632
1.1,110.0,43.0,2.06,94496
10.3,345.0,36.0,3.34,80963
1.3,228.0,23.0,1.5,134437
0.7,204.0,12.0,1.09,129598
3.2,114.0,91.0,2.71,183727
0.2,110.0,12.0,0.79,278814
2.3,323.0,93.0,0.72,94627
3.2,176.0,116.0,3.6,89385
23.9,3490.0,629.0,6.73,23110
,26.0,1.0,0.2,108409
10.5,1790.0,931.0,66.4,14255
7.6,1250.0,172.0,2.38,22088
0.4,123.0,144.0,0.44,70923
4.0,213.0,232.0,0.47,264103
1.4,157.0,6.0,0.17,138260
14.1,668.0,317.0,6.65,69155
4.9,368.0,26.0,1.6,68861
6.3,718.0,188.0,2.25,134443
1.7,164.0,15.0,1.03,84348
2.5,261.0,100.0,0.56,281354
1.0,71.0,24.0,1.36,227242
0.0,38.0,6.0,6.4,169601
5.5,177.0,43.0,2.81,213809
0.7,123.0,13.0,0.35,1861
7.3,793.0,322.0,5.4,392938
1.7,146.0,23.0,0.21,132001
1.3,230.0,27.0,0.79,14445
0.0,8.0,0.0,0.0,393106
16.2,477.0,223.0,3.17,224916
0.0,180.0,853.0,0.49,66917
1.7,341.0,94.0,4.7,251185
1.3,224.0,55.0,2.64,63269
,417.0,25.0,0.38,91093
0.5,166.0,48.0,1.1,95352
1.1,134.0,21.0,1.4,126982
0.0,133.0,83.0,0.71,143845
,,7.0,2.9,116205
0.0,178.0,17.0,1.0,608
3.0,229.0,95.0,1.77,524867
2.1,99.0,22.0,0.93,140991
3.9,146.0,372.0,4.87,225300
1.5,212.0,168.0,4.06,344383
3.3,230.0,28.0,2.3,111483
0.0,483.0,11.0,0.59,26485
1.0,144.0,47.0,0.95,99816
6.3,718.0,188.0,2.25,370635
2.1,167.0,11.0,19.5,79271
0.935,137.0,12.5,0.054,90380
4.23,,,,56419
5.1,66.0,159.0,3.17,57170
2.2,131.0,41.0,3.9,56899
0.9,163.0,12.0,2.48,8461
1.2,289.0,12.0,1.01,193902
1.0,54.0,7.0,0.19,32865
1.8,73.0,30.0,2.43,47516
,397.0,4.53,0.929,18197
6.7,696.0,64.0,0.9,169050
0.0,10.0,2.0,0.0,132263
3.1,853.0,48.0,0.49,194768
5.3,145.0,26.0,0.64,58559
1.0,,19.0,0.0,161324
0.0,403.0,60.0,2.23,96170
2.3,246.0,47.0,0.56,132849
6.3,718.0,188.0,2.25,30913
2.1,167.0,11.0,19.5,89007
0.8,90.0,11.0,0.3,42982
0.7,173.0,13.0,0.6,122873
2.8,294.0,4.0,0.68,95012
0.0,19.0,5.0,0.02,258122
,,,,102091
,259.0,70.0,0.51,208039
9.9,1490.0,22.0,1.15,10836
3.3,230.0,28.0,2.3,129906
1.4,233.0,5.0,0.3,197021
2.8,163.0,35.0,2.38,336409
3.14,376.0,0.432,0.739,13640
0.3,106.0,16.0,0.87,51406
1.1,110.0,43.0,2.06,91644
2.6,173.0,114.0,4.5,101836
2.8,156.0,36.0,0.26,133427
1.0,197.0,114.0,0.42,20112
2.6,113.0,61.0,0.32,10628
0.0,0.0,0.0,0.0,65679
0.0,211.0,12.0,1.26,59780
0.0,145.0,8.0,1.86,10623
1.9,153.0,34.0,0.3,209447
1.4,320.0,34.0,1.46,131158
2.6,224.0,14.0,2.11,73879
1.1,135.0,14.0,0.4,241877
1.0,428.0,204.0,0.5,121586
,,,,318203
0.0,320.0,6.0,4.88,319219
4.1,140.0,24.0,5.05,39665
1.2,217.0,122.0,1.59,320869
1.8,191.0,89.0,0.62,90686
0.0,250.0,11.0,2.11,50879
2.7,217.0,29.0,1.03,14337
1.8,159.0,52.0,0.51,170604
3.2,56.0,23.0,0.7,192083
1.1,459.0,21.0,0.79,435616
,145.0,157.0,1.7,98415
3.9,545.0,17.0,0.91,67023
1.8,114.0,35.0,3.16,63530
2.1,84.0,90.0,2.49,105357
1.3,173.0,88.0,1.47,222467
0.0,421.0,6.0,1.15,55245
3.2,176.0,116.0,3.6,145125
0.0,320.0,125.0,1.24,168990
2.8,163.0,35.0,2.38,117969
1.5,62.0,10.0,2.6,143862
3.0,408.0,134.0,2.6,26530
2.8,156.0,36.0,0.26,16719
1.7,133.0,20.0,0.27,364252
1.9,211.0,172.0,0.47,15664
3.3,246.0,56.0,0.42,123902
2.4,381.0,14.0,0.72,85350
3.6,232.0,71.0,1.29,373159
0.9,232.0,33.0,0.64,324081
2.3,105.0,293.0,5.62,191682
6.1,242.0,198.0,2.42,56351
2.1,84.0,90.0,2.49,330437
0.0,455.0,610.0,0.4,28620
,345.0,4.09,2.53,29635
2.1,124.0,105.0,3.45,300501
0.0,178.0,169.0,0.12,153540
1.2,188.0,83.0,2.44,202897
0.6,,176.0,0.64,57679
2.2,333.0,28.0,0.23,232042
2.0,,23.0,1.0,280985
3.1,,23.0,1.0,87354
0.8,115.0,14.0,1.25,71698
1.3,224.0,55.0,2.64,234010
0.7,231.0,165.0,1.19,82034
1.2,188.0,83.0,2.44,409778
1.0,71.0,24.0,1.36,252934
0.8,112.0,120.0,1.48,11803
10.0,336.0,36.0,3.26,177830
1.2,188.0,83.0,2.44,12716
3.8,394.0,110.0,1.39,83777
,,9.0,1.0,319570
4.0,295.0,56.0,3.24,67898
1.4,170.0,37.0,0.52,18690
0.0,302.0,10.0,0.56,324981
5.3,145.0,26.0,0.64,337582
2.9,183.0,22.0,4.21,391391
10.3,345.0,36.0,3.34,140492
1.3,286.0,18.0,0.31,181396
3.6,286.0,357.0,1.28,385806
7.6,1250.0,172.0,2.38,317021
0.0,0.0,0.0,0.0,129862
1.4,111.0,53.0,1.92,31167
0.0,302.0,10.0,0.56,211482
4.6,180.0,29.0,2.1,31080
1.5,212.0,168.0,4.06,35174
0.0,,0.0,0.0,54343
3.3,230.0,28.0,2.3,74634
0.0,376.0,14.0,3.47,34765
1.3,230.0,27.0,0.79,202761
4.2,96.0,35.0,2.0,205891
9.9,1490.0,22.0,1.15,420289
10.5,1790.0,931.0,66.4,289404
0.0,408.0,12.0,2.69,40857
0.7,173.0,13.0,0.6,90454
2.6,459.0,10.0,0.64,22981
2.2,103.0,14.0,2.12,45383
0.0,259.0,91.0,0.5,24617
1.0,45.0,4.0,0.29,71483
2.2,95.0,432.0,1.52,37717
2.8,163.0,35.0,2.38,81858
2.7,187.0,32.0,4.3,66929
1.4,148.0,60.0,0.5,282333
1.1,,,1.0,118030
0.0,455.0,610.0,0.4,66077
0.2,45.0,5.0,0.1,70493
0.0,284.0,9.0,1.77,25795
4.8,314.0,172.0,1.6,15869
1.9,89.0,152.0,1.5,127929
2.9,256.0,100.0,2.55,235347
2.6,115.0,27.0,0.8,29234
33.9,1020.0,632.0,11.8,274478
1.1,207.0,51.0,1.74,68404
1.7,341.0,94.0,4.7,106824
0.0,294.0,58.0,0.91,86644
1.6,151.0,33.0,2.5,38109
3.5,217.0,35.0,2.1,12946
4.7,318.0,70.0,2.1,56322
0.0,302.0,10.0,0.56,219784
5.3,508.0,78.0,0.97,144573
0.0,134.0,717.0,0.41,20689
4.1,348.0,254.0,1.6,51780
0.0,136.0,12.0,2.08,151187
2.8,248.0,12.0,0.25,474603
1.1,96.0,6.0,0.59,238892
0.0,177.0,105.0,0.21,14569
14.0,609.0,405.0,17.4,13188
2.1,,48.0,0.7,135647
1.7,133.0,20.0,0.27,287499
3.4,210.0,31.0,4.01,168847
40.3,1070.0,1650.0,28.1,203770
1.1,184.0,121.0,0.96,59907
0.0,504.0,0.0,0.0,86042
0.9,241.0,13.0,0.35,130102
1.2,116.0,20.0,1.15,283497
3.0,319.0,51.4,0.761,140524
3.9,146.0,372.0,4.87,69191
0.7,91.0,146.0,1.64,410027
1.2,118.0,20.0,0.16,109944
0.0,1.0,1.0,0.56,146205
4.6,507.0,63.0,4.2,190507
1.88,349.0,3.24,0.139,28978
0.0,24.0,41.0,0.15,239350
10.8,,0.0,3.9,456146
3.4,210.0,31.0,4.01,528131
1.7,133.0,20.0,0.27,198003
0.2,110.0,12.0,0.79,148012
0.0,243.0,0.0,0.0,399656
0.8,112.0,120.0,1.48,89433
0.0,88.0,9.0,0.4,231399
0.0,243.0,0.0,0.0,76014
2.0,254.0,467.0,0.94,75567
0.0,303.0,261.0,0.19,71192
0.6,,176.0,0.64,65931
1.6,60.0,19.0,0.71,49115
1.1,121.0,44.0,1.3,166157
0.4,90.0,51.0,0.63,78730
1.4,111.0,53.0,1.92,13388
6.1,600.0,95.0,2.0,80395
0.7,105.0,98.0,0.14,238282
2.4,132.0,87.0,4.65,219519
0.0,204.0,12.0,1.64,112813
0.956,220.0,22.7,0.137,121853
17.3,452.0,33.0,3.6,23104
0.0,117.0,48.0,1.48,371159
2.6,170.0,23.0,2.41,292467
0.1,86.0,56.0,0.1,257812
1.0,98.0,35.0,1.8,232875
1.0,,19.0,0.0,55968
4.0,397.0,34.0,2.18,100988
2.9,154.0,0.0,0.15,60816
0.0,63.0,13.0,3.6,44062
1.4,84.0,8.0,0.29,123999
6.5,2100.0,67.0,4.04,116648
0.0,0.0,0.0,0.0,113381
4.6,180.0,29.0,2.1,157746
2.7,416.0,17.0,0.56,19071
,260.0,14.0,2.2,199488
,19.0,3.0,0.04,306714
2.0,210.0,86.0,0.78,72747
3.5,74.0,71.0,2.54,32554
1.1,322.0,21.0,0.76,15006
0.4,43.0,6.0,0.12,363602
1.1,459.0,21.0,0.79,129200
0.0,223.0,34.0,0.86,11172
6.7,231.0,100.0,1.64,125496
0.0,194.0,25.0,1.19,193995
3.1,853.0,48.0,0.49,192113
4.6,507.0,63.0,4.2,44069
1.5,206.0,45.0,1.29,28747
2.5,90.0,30.0,1.1,22462
2.3,296.0,80.0,1.77,442491
2.6,115.0,23.0,4.64,27520
0.3,106.0,16.0,0.87,133106
2.1,167.0,11.0,19.5,95239
1.4,58.0,8.0,0.38,173613
4.9,340.0,42.0,1.76,53682
0.6,149.0,47.0,1.48,195502
2.0,254.0,467.0,0.94,332463
0.4,246.0,139.0,0.83,136723
,136.0,19.0,5.62,150
2.1,195.0,166.0,0.71,175824
1.1,,,1.0,32215
3.5,217.0,35.0,2.1,28613
10.0,336.0,36.0,3.26,83505
2.6,266.0,81.0,2.69,103643
0.2,501.0,101.0,4.18,170040
,145.0,157.0,1.7,106790
3.4,224.0,37.0,1.57,3037
1.6,369.0,160.0,1.46,221280
0.0,540.0,228.0,1.93,42189
2.0,115.0,55.0,2.86,345899
8.3,327.0,243.0,8.78,277638
1.4,220.0,120.0,1.56,84471
0.0,20.0,3.0,0.08,136955
1.0,54.0,7.0,0.19,16680
1.5,185.0,16.0,0.84,40241
,,,,289607
4.6,207.0,64.0,2.9,257857
1.9,89.0,152.0,1.5,169915
7.3,793.0,322.0,5.4,309938
1.2,69.0,24.0,0.36,413694
2.8,172.0,17.0,1.49,152136
,,,,413362
1.0,,46.0,0.61,139170
,55.0,12.0,0.12,41702
1.3,192.0,127.0,2.87,33386
0.0,,0.0,0.0,243805
,287.0,7.0,2.71,86983
3.2,176.0,116.0,3.6,94493
1.0,152.0,46.0,3.07,33731
4.7,318.0,70.0,2.1,83141
0.7,231.0,165.0,1.19,94516
3.1,116.0,9.0,0.18,215528
1.1,134.0,21.0,1.4,57602
0.0,313.0,5.0,4.9,42870
,366.0,4.12,0.421,9259
10.0,336.0,36.0,3.26,13098
,260.0,14.0,2.2,131300
,,,,267558
0.0,504.0,0.0,0.0,203349
6.7,210.0,265.0,2.45,106809
1.3,286.0,18.0,0.31,139807
2.1,167.0,11.0,19.5,66121
0.0,24.0,6.0,0.2,285900
0.9,277.0,95.0,0.58,19111
0.0,24.0,41.0,0.15,47554
1.8,207.0,41.0,0.3,335597
,408.0,6.0,0.0517,292963
2.2,131.0,41.0,3.9,133030
1.8,176.0,293.0,0.71,25096
1.5,,23.0,0.0,63102
,,,,285382
,125.0,13.0,0.25,190335
0.9,293.0,106.0,0.68,213510
0.4,112.0,7.0,0.24,131783
1.3,286.0,18.0,0.31,191134
9.4,358.0,47.0,4.64,85662
8.3,333.0,444.0,2.7,160206
3.0,229.0,95.0,1.77,133959
,259.0,70.0,0.51,234944
1.5,78.0,5.0,1.25,292149
0.7,56.0,4.0,0.1,184288
2.1,167.0,11.0,19.5,103761
1.9,259.0,9.0,0.65,265263
0.0,,0.0,0.0,121467
2.4,100.0,6.0,0.13,269582
0.956,220.0,22.7,0.137,1481
4.6,180.0,25.0,2.16,66142
,,,,13264
0.4,166.0,115.0,2.37,182212
4.3,1470.0,229.0,5.29,184372
2.2,125.0,84.0,3.25,178020
2.9,154.0,0.0,0.15,142387
6.32,654.0,49.8,1.85,15968
1.7,168.0,208.0,1.86,61890
0.0,311.0,10.0,0.79,144623
1.5,206.0,45.0,1.29,46461
2.1,167.0,11.0,19.5,363821
1.95,274.0,20.4,0.334,211225
1.9,185.0,235.0,2.35,129061
4.1,990.0,311.0,1.63,76944
,1240.0,71.4,5.93,28750
,,,,58272
3.5,130.0,140.0,2.53,8566
3.8,355.0,66.0,3.91,57591
4.3,1470.0,229.0,5.29,19127
4.6,507.0,63.0,4.2,16015
1.9,192.0,53.0,2.6,15413
0.0,275.0,35.0,2.25,373127
0.1,86.0,56.0,0.1,109763
0.8,,15.0,0.09,23446
2.5,261.0,100.0,0.56,105199
1.1,134.0,21.0,1.4,93446
2.2,131.0,54.0,2.55,162557
1.5,391.0,5.0,0.35,186835
0.0,666.0,163.0,2.63,37994
,259.0,70.0,0.51,278872
9.4,358.0,47.0,4.64,186583
1.1,110.0,20.0,0.76,17004
2.1,202.0,24.0,2.14,14086
3.6,114.0,34.0,1.58,218682
4.2,96.0,35.0,2.0,341512
0.4,20.0,12.0,0.29,232311
6.5,186.0,62.0,0.86,130631
2.1,167.0,11.0,19.5,185781
1.7,183.0,269.0,1.77,110109
1.4,245.0,58.0,1.77,111774
9.4,358.0,47.0,4.64,13395
2.2,95.0,432.0,1.52,85166
1.2,305.0,44.0,1.24,236553
,,,,103832
2.4,370.0,20.0,0.8,90406
0.0,117.0,48.0,1.48,137043
0.4,160.0,79.0,0.2,7614
2.6,173.0,114.0,4.5,77666
0.2,108.0,4.0,0.27,62
1.7,133.0,20.0,0.27,87256
1.7,143.0,27.0,0.49,274955
0.0,10.0,2.0,0.0,107997
2.1,202.0,24.0,2.14,222959
3.7,597.0,16.0,5.53,191126
,82.0,14.0,1.79,61755
2.1,738.0,208.0,6.59,6442
0.0,539.0,10.0,1.49,262103
,366.0,4.12,0.421,23198
2.6,459.0,10.0,0.64,43162
,366.0,4.12,0.421,259693
2.6,173.0,114.0,4.5,131206
2.0,262.0,132.0,1.72,44835
1.2,305.0,44.0,1.24,131018
1.2,337.0,23.0,0.9,205307
4.6,180.0,25.0,2.16,13892
,259.0,70.0,0.51,17293
,332.0,3.84,1.83,120155
1.1,207.0,51.0,1.74,418122
4.7,195.0,41.0,3.3,68493
1.7,182.0,111.0,1.27,10318
0.0,178.0,17.0,1.0,246408
9.4,358.0,47.0,4.64,247681
,,,,46110
0.5,99.0,70.0,2.72,383535
0.0,81.0,4.0,0.6,488567
0.0,178.0,169.0,0.12,61826
1.6,295.0,177.0,3.17,367227
0.0,178.0,169.0,0.12,259669
2.1,,48.0,0.7,295092
3.6,232.0,71.0,1.29,28088
0.0,0.0,0.0,0.0,310216
0.0,288.0,34.0,1.34,88486
0.7,136.0,14.0,0.22,38596
,397.0,4.53,0.929,269658
1.1,221.0,25.0,1.55,165345
1.0,178.0,93.0,2.5,42680
45.7,1050.0,2130.0,37.9,448205
2.6,224.0,14.0,2.11,338892
